{"cameraMode":{"drawMode":0,"name":"Shaded","section":"Shading Mode"},"sceneLighting":true,"audioPlay":false,"sceneViewState":{"m_AlwaysRefresh":false,"showFog":true,"showSkybox":false,"showFlares":true,"showImageEffects":true,"showParticleSystems":true,"showVisualEffectGraphs":true,"m_FxEnabled":true},"in2DMode":false,"pivot":{"x":-0.06525708734989166,"y":0.44896090030670168,"z":-0.0812940001487732},"rotation":{"x":0.00002850002420018427,"y":0.9925107359886169,"z":-0.12250625342130661,"w":0.0002995046670548618},"size":0.7773668169975281,"orthographic":false}