{"cameraMode":{"drawMode":0,"name":"Shaded","section":"Shading Mode"},"sceneLighting":true,"audioPlay":false,"sceneViewState":{"m_AlwaysRefresh":false,"showFog":true,"showSkybox":false,"showFlares":true,"showImageEffects":true,"showParticleSystems":true,"showVisualEffectGraphs":true,"m_FxEnabled":true},"in2DMode":false,"pivot":{"x":0.34329918026924136,"y":2.0373995304107668,"z":-2.321333169937134},"rotation":{"x":-0.2829967141151428,"y":0.05749593675136566,"z":-0.016957459971308709,"w":-0.9574193358421326},"size":2.6854097843170168,"orthographic":false}