{"cameraMode":{"drawMode":0,"name":"Shaded","section":"Shading Mode"},"sceneLighting":false,"audioPlay":false,"sceneViewState":{"m_AlwaysRefresh":false,"showFog":true,"showSkybox":false,"showFlares":true,"showImageEffects":true,"showParticleSystems":true,"showVisualEffectGraphs":true,"m_FxEnabled":true},"in2DMode":false,"pivot":{"x":-2.838304042816162,"y":13.130783081054688,"z":-28.86009979248047},"rotation":{"x":0.19190563261508943,"y":0.07397772371768952,"z":-0.012971916235983372,"w":0.9792875051498413},"size":18.62491226196289,"orthographic":false}