{"cameraMode":{"drawMode":0,"name":"Shaded","section":"Shading Mode"},"sceneLighting":false,"audioPlay":false,"sceneViewState":{"m_AlwaysRefresh":false,"showFog":true,"showSkybox":false,"showFlares":true,"showImageEffects":true,"showParticleSystems":true,"showVisualEffectGraphs":true,"m_FxEnabled":true},"in2DMode":false,"pivot":{"x":17.404985427856447,"y":8.235945701599121,"z":2.5178215503692629},"rotation":{"x":-0.0008812744054012001,"y":0.9467598795890808,"z":-0.32472097873687746,"w":-0.0063840546645224098},"size":10.07186222076416,"orthographic":false}