{"cameraMode":{"drawMode":0,"name":"Shaded","section":"Shading Mode"},"sceneLighting":false,"audioPlay":false,"sceneViewState":{"m_AlwaysRefresh":false,"showFog":true,"showSkybox":false,"showFlares":true,"showImageEffects":true,"showParticleSystems":true,"showVisualEffectGraphs":true,"m_FxEnabled":true},"in2DMode":false,"pivot":{"x":-2.0301566123962404,"y":12.629999160766602,"z":15.811826705932618},"rotation":{"x":0.028789687901735307,"y":0.9274513125419617,"z":-0.3686746060848236,"w":0.07107004523277283},"size":9.245010375976563,"orthographic":false}